post_id,date,title,volume,secondary_volume,notes
74914738.coming-soon,2022-09-25,Coming soon,0,,placeholder
162428502.the-physics-of-agency-part-1-the,2025-04-29,"The Physics of Agency, Part 1: The Physical Nature of Agency",1,,
162485540.the-physics-of-agency-part-2-agency,2025-04-29,"The Physics of Agency, Part 2: Agency vs Drift – The Thermodynamic Basis of Agency",1,,
162485677.the-physics-of-agency-part-3-the,2025-04-30,"The Physics of Agency, Part 3: The Kybit — A New Unit of Control",1,,
162543579.the-physics-of-agency-part-4-the,2025-04-30,"The Physics of Agency, Part 4: The Law of Control Work — Agency Costs Energy",1,,
162560090.the-physics-of-agency-part-5-the,2025-04-30,"The Physics of Agency, Part 5: The Law of Agency Decay — Entropy Always Wins",1,,
162561951.the-physics-of-agency-part-6-the,2025-04-30,"The Physics of Agency, Part 6: The Law of Agency Limits — Perfect Control Is Impossible",1,,
162571051.the-physics-of-agency-part-7-branching,2025-04-30,"The Physics of Agency, Part 7: Branching Realities — Agency in the Multiverse",1,,
162571836.the-physics-of-agency-part-8-meaning,2025-04-30,"The Physics of Agency, Part 8: Meaning, Ethics, and Evolution Under the Physics of Agency",1,,
162572301.the-physics-of-agency-part-9-challenges,2025-04-30,"The Physics of Agency, Part 9: Challenges and FAQs",1,,
162578038.the-physics-of-agency-part-10-the,2025-04-30,"The Physics of Agency, Part 10: The Grand Synthesis and Future Directions",1,,
162831172.the-mechanics-of-agency,2025-05-04,The Mechanics of Agency,1,,
162831503.conditionalism,2025-05-04,Conditionalism,2,,
162844036.the-quantum-branching-universe-qbu,2025-05-04,The Quantum Branching Universe (QBU) ,1,,
162845671.identifying-branches-in-the-qbu,2025-05-04,Identifying Branches in the QBU,1,,
162847620.mechanics-of-agency-quantum-decisions,2025-05-04,Mechanics of Agency: Quantum Decisions ,1,,
163099190.the-mechanics-of-agency-maximal-theoretical,2025-05-08,The Mechanics of Agency: Maximal Theoretical Agent,1,,
163210650.introducing-the-dialectic-agent,2025-05-09,The Dialectic Agent,3,,
163272667.why-im-an-individualist,2025-05-10,Why I'm an Individualist,7,,
163283969.objective-vs-subjective-probability,2025-05-10,Objective vs. Subjective Probability,2,,
163285659.how-quantum-measurement-shapes-cosmic,2025-05-10,How Quantum Measurement Shapes Cosmic History,1,,
163293406.making-sense-of-pdoom,2025-05-10,Making Sense of P(doom),3,,
163348907.a-rigorous-definition-of-causality,2025-05-11,A Rigorous Definition of Causality,1,,
163356216.the-three-thermodynamic-laws-of-agency,2025-05-11,The Three Thermodynamic Laws of Agency,1,,
163356868.effective-decision-theory,2025-05-11,Effective Decision Theory,2,,
163365017.active-inference-and-the-physics,2025-05-12,Active Inference and the Physics of Agency,1,,
163509485.quantum-agency-in-the-emergent-multiverse,2025-05-13,Quantum Agency in the Emergent Multiverse,1,,
163778685.measure-vantage-branchcone-and-counterfactuals,2025-05-17,"Measure, Vantage, Branchcone, and Counterfactuals",1,,
163789945.the-starlight-analogy,2025-05-17,The Starlight Analogy,1,,
163797482.evolution-is-all-you-need,2025-05-17,Evolution Is All You Need,3,,
163805376.intelligence-is-a-game-we-play,2025-05-17,Intelligence is a Game We Play,3,,
163921757.defending-bayes,2025-05-19,Defending Bayes,2,,
164038303.qbism-vs-many-worlds,2025-05-20,QBism vs. Many Worlds,1,,
164130874.defending-bayes-part-2,2025-05-22,"Defending Bayes, Part 2",2,,
164270270.defending-bayes-part-3,2025-05-23,"Defending Bayes, Part 3",2,,
164271340.the-pattern,2025-05-23,The Pattern,8,,
164272915.nonsense,2025-05-23,Nonsense,2,,
164275423.sacred-coherence,2025-05-23,Sacred Coherence,2,9,pulled into Vol 2 ch.18 (Conditionalism sequence)
164364452.defending-bayes-part-4,2025-05-24,"Defending Bayes, Part 4",2,,
164411286.creativity-as-virtual-evolution,2025-05-25,Creativity as Virtual Evolution,1,,
164423784.a-gigaplex-of-parallel-lives,2025-05-25,A Gigaplex of Parallel Lives,1,,
164425191.heads-or-tails,2025-05-25,Heads or Tails,1,,
164433813.defending-bayes-part-5,2025-05-25,"Defending Bayes, Part 5",2,,
164437547.universal-alignment,2025-05-25,Universal Alignment,3,,
164442584.the-dialectic-catalyst,2025-05-25,The Dialectic Catalyst,3,,
164446895.introducing-larpitarianism,2025-05-26,Introducing LARPitarianism,7,,
164447944.policy-on-precedence-and-contradictions,2025-05-26,Policy on Precedence and Contradictions,0,,housekeeping (blog policy)
164572808.do-ideas-move-atoms,2025-05-27,Do Ideas Move Atoms?,1,,
164581001.the-persistent-catalyst,2025-05-27,The Persistent Catalyst,3,,
164678345.from-sovereignty-to-slavery,2025-05-28,From Sovereignty to Slavery,7,,
164684907.navigating-moral-realism-with-agent,2025-05-29,Navigating Moral Realism with Agent-Binding,5,,
164846085.the-myth-of-objective-value,2025-05-31,The Myth of Objective Value,5,,
164847204.the-free-rider-fallacy,2025-05-31,The Free Rider Fallacy,5,,
164851202.sacrifice-as-signal,2025-05-31,Sacrifice as Signal,5,,
164878445.willing-and-able,2025-05-31,Willing and Able,5,,
164882854.opportunity-cost,2025-05-31,Opportunity Cost,5,,
164883871.what-is-money,2025-05-31,What Is Money?,6,,
164884396.the-price-illusion,2025-05-31,The Price Illusion,6,,
164888678.effective-altruism-without-moral,2025-05-31,Effective Altruism Without Moral Realism,5,,
164891095.the-death-of-objective-morality,2025-05-31,The Death of Objective Morality,5,,
164891451.against-cosmic-utility,2025-05-31,Against Cosmic Utility,5,,
164892948.virtues-consequences-and-codes,2025-05-31,"Virtues, Consequences, and Codes",5,,
164900237.the-myth-of-equal-value,2025-05-31,The Myth of Equal Value,5,,
164901368.rights-are-forged,2025-05-31,Rights Are Forged,7,,
164902314.what-counts-as-coercion,2025-05-31,What Counts As Coercion ,5,,
164911762.what-counts-as-consent,2025-06-01,What Counts as Consent,5,,
164935709.what-counts-as-harm,2025-06-01,What Counts as Harm,5,,
164937702.reasonable-disagreement,2025-06-01,Reasonable Disagreement,2,,
164947886.inequality-is-not-the-problempoverty,2025-06-01,Inequality Is Not the Problem—Poverty Is,7,,
164949377.why-coercive-redistribution-is-always,2025-06-01,Why Coercive Redistribution Is Always Harmful,7,,
164949734.the-libertarian-illusion-of-equal,2025-06-01,The Libertarian Illusion of Equal Opportunity,7,,
164950264.immigration-restrictions-are-a-form,2025-06-01,Immigration Restrictions Are a Form of Harm,7,,
164951081.the-myth-of-cultural-threat,2025-06-01,The Myth of Cultural Threat,7,,
164951358.agency-not-equality,2025-06-01,"Agency, Not Equality",7,,
165023774.the-authoritarian-cycle,2025-06-02,The Authoritarian Cycle,7,,
165040003.the-hidden-power-of-principles,2025-06-02,The Hidden Power of Principles,7,,
165063201.yes-we-can-assign-probabilities-to,2025-06-03,"Yes, We Can Assign Probabilities to Counterfactuals",1,,
165064896.defending-bayes-part-6,2025-06-03,"Defending Bayes, Part 6",2,,
165065355.defending-bayes-part-7,2025-06-03,"Defending Bayes, Part 7",2,,
165112254.the-myth-of-wealth-hoarding,2025-06-03,The Myth of Wealth Hoarding,6,,
165264123.the-myth-of-the-collective-will,2025-06-05,The Myth of the Collective Will,7,,
165271623.can-markets-provide-national-defense,2025-06-05,Can Markets Provide National Defense?,7,,
165272096.defending-bayes-part-8,2025-06-05,"Defending Bayes, Part 8",2,,
165273153.defending-bayes-part-9-interlude,2025-06-05,"Defending Bayes, Part 9 (Interlude)",2,,
165301790.modern-monetary-fallacy,2025-06-05,Modern Monetary Fallacy,6,,
165340454.when-plunder-funds-physics,2025-06-06,When Plunder Funds Physics,7,,
165387299.the-ethics-of-the-unconceived,2025-06-07,The Ethics of the Unconceived,5,,
165410248.observer-class-alignment,2025-06-07,Observer Class Alignment,1,,
165411120.metaphysics-as-concept-creation,2025-06-07,Metaphysics as Concept Creation,2,,
165419043.forever-adolescents,2025-06-07,Forever Adolescents,7,,
165424913.utopian-visions,2025-06-07,Utopian Visions,7,,
165426721.the-fallacy-of-universal-intelligence,2025-06-07,The Fallacy of Universal Intelligence,3,,
165428073.iq-realities-misconceptions-and-moral,2025-06-07,"IQ: Realities, Misconceptions, and Moral Confusions",3,,
165430456.communism-at-home,2025-06-07,Communism at Home,7,,
165432518.introducing-harberger-insurance,2025-06-07,Introducing Harberger Insurance,6,,
165479695.ai-and-copyright,2025-06-08,AI and Copyright,3,,
165488598.the-paradox-of-classical-liberalism,2025-06-08,The Paradox of Classical Liberalism,7,,
165498639.the-ethics-of-immigration-vs-colonization,2025-06-08,The Ethics of Immigration vs. Colonization,7,,
165499243.justice-after-colonization,2025-06-08,Justice After Colonization,7,,
165641748.subjectivism-vs-moral-relativism,2025-06-10,Subjectivism vs. Moral Relativism,5,,
165642623.the-covid-19-lab-leak-hypothesis,2025-06-10,The COVID-19 Lab Leak Hypothesis,2,,
165665795.credibility-credence-and-coercion,2025-06-10,"Credibility, Credence, and Coercion",5,2,released from Vol 2; applies credence to Vol 5 coercion definition
165666289.what-counts-as-a-belief,2025-06-10,What Counts as a Belief,2,,
165708751.when-to-kill-a-project,2025-06-11,When To Kill A Project,6,,
165721326.the-woke-right,2025-06-11,The Woke Right,8,,
165721822.liberalism-vs-authoritarianism,2025-06-11,Liberalism vs. Authoritarianism,7,,
165726066.instinct-for-submission,2025-06-11,Instinct For Submission,7,,
165751396.resolving-the-paradox-of-tolerance,2025-06-12,Resolving the Paradox of Tolerance,7,,
165751936.civilization-as-an-evolutionary-process,2025-06-12,Civilization as an Evolutionary Process,7,,
165785917.life-expectancy,2025-06-12,Life Expectancy,6,,
165786637.near-future-optimism,2025-06-12,Near Future Optimism,6,,
165822194.aumanns-agreement-theorem,2025-06-12,Aumann's Agreement Theorem,2,,
165822622.the-trinity-and-relational-metaphysics,2025-06-12,The Trinity and Relational Metaphysics,9,,
165866422.universal-basic-income,2025-06-13,Universal Basic Income,7,,
165868518.the-three-levels-of-truth,2025-06-13,The Three Levels of Truth,2,,
165904190.artificial-intimacy,2025-06-13,Artificial Intimacy,3,,
165906304.the-case-for-west-asia,2025-06-13,The Case for West Asia,8,,
165910125.virtual-ancestors,2025-06-14,Virtual Ancestors,0,,one-off curiosity
165967029.against-positive-rights,2025-06-14,Against Positive Rights,7,,
165997692.negative-rights-in-conflict,2025-06-15,Negative Rights in Conflict,7,,
166000195.randomness-and-determinism,2025-06-15,Randomness and Determinism,1,,
166002442.quantum-foundations-of-daily-chaos,2025-06-15,Quantum Foundations of Daily Chaos,1,,
166012644.flamboyance-and-entropy,2025-06-15,Flamboyance and Entropy,1,,
166013336.homo-narrans,2025-06-15,Homo Narrans,8,,
166020698.capitalisms-forbidden-cure,2025-06-15,Capitalism’s Forbidden Cure,6,,
166022218.true-neutral,2025-06-15,True Neutral,9,,
166023954.the-highest-good,2025-06-15,The Highest Good,5,,
166024344.look-where-youre-going,2025-06-15,Look Where You're Going,9,,
166028334.the-universality-misconception-in,2025-06-15,The Universality Misconception in AI,3,,
166033482.sapientism,2025-06-16,Sapientism,5,3,ethical stance on AGI-era personhood
166074493.war-profiteering-isnt-capitalism,2025-06-16,War Profiteering Isn't Capitalism,6,,
166080146.understanding-culture,2025-06-16,Understanding Culture,8,,
166191913.water-based-ai,2025-06-17,Water-Based AI? ,3,,
166242984.archists-vs-anarchists,2025-06-18,Archists vs. Anarchists,7,,
166330539.agi-economics,2025-06-19,AGI Economics,6,3,economics of AGI
166356539.law-and-order,2025-06-19,Law and Order,7,,
166359583.the-boghossian-principle,2025-06-19,The Boghossian Principle,8,,
166408363.the-faith-of-the-flag,2025-06-20,The Faith of the Flag,8,,
166409545.culture-hierarchies,2025-06-20,Culture Hierarchies,8,,
166439024.evolutionary-rationalism,2025-06-21,Evolutionary Rationalism,2,,
166481044.quantum-chess,2025-06-21,Quantum Chess,1,,
166481863.everetts-demon,2025-06-21,Everett's Demon,1,,
166489779.absurdity-vs-freedom,2025-06-21,Absurdity vs. Freedom,1,,
166536003.ex-machina,2025-06-22,Ex Machina,3,,
166538433.sentience-vs-sapience,2025-06-22,Sentience vs. Sapience,3,,
166606301.your-brain-on-chatgpt,2025-06-23,Your Brain on ChatGPT,3,,
166739921.what-counts-as-property,2025-06-24,What Counts as Property,5,,
166743482.decriminalizing-discrimination,2025-06-24,Decriminalizing Discrimination,7,,
166822916.the-end-of-intellectual-property,2025-06-25,The End of Intellectual Property,6,,
166857416.intelligence-as-a-hyperobject,2025-06-26,Intelligence as a Hyperobject,3,,
166902989.thinking-vs-feeling,2025-06-26,Thinking vs. Feeling,3,,
166913167.what-counts-as-evil,2025-06-26,What Counts as Evil,5,,
166945477.demographics-without-coercion,2025-06-27,Demographics Without Coercion,7,,
166976848.valorism-vs-vitalism,2025-06-27,Valorism vs. Vitalism,5,,
166978754.valorism,2025-06-27,Valorism,5,,
167007172.what-counts-as-knowledge,2025-06-27,What Counts as Knowledge,2,,
167014370.environmentalisms-nuclear-mistake,2025-06-28,Environmentalism's Nuclear Mistake,6,,
167015115.cosmic-coincidence,2025-06-28,Cosmic Coincidence,0,,one-off curiosity
167104397.the-inner-monologue-fallacy,2025-06-29,The Inner Monologue Fallacy,3,,
167116201.the-map-is-not-the-territory,2025-06-29,The Map Is Not the Territory,2,,
167117084.dialectical-evolution,2025-06-29,Dialectical Evolution,9,,
167118984.phosphorism-illuminating-agency,2025-06-29,Phosphorism: Illuminating Agency,5,,
167140257.luck-doesnt-justify-coercion,2025-06-30,Luck Doesn't Justify Coercion,7,,
167272333.the-rise-of-the-technomancer,2025-07-01,The Rise of the Technomancer,3,,
167273486.mantra,2025-07-01,Mantra,9,,
167297761.minds-and-agents,2025-07-01,Minds and Agents,3,,
167353865.how-to-lose-an-election,2025-07-02,How To Lose an Election,7,,
167356408.justice-without-juries,2025-07-02,Justice Without Juries,7,,
167365336.stoicism-in-context,2025-07-02,Stoicism in Context,9,,
167442753.what-stoicism-gets-right,2025-07-03,What Stoicism Gets Right,9,,
167444843.a-minimal-ontology,2025-07-03,A Minimal Ontology,2,,
167452557.pancritical-rationalism,2025-07-03,Pancritical Rationalism,2,,
167462936.the-minimal-complete-dictionary,2025-07-03,The Minimal Complete Dictionary,2,,
167552421.liberty-without-monopoly,2025-07-04,Liberty Without Monopoly,7,,
167587968.the-agency-protection-principle,2025-07-05,The Agency Protection Principle,7,,
167614945.beyond-gender-balance,2025-07-05,Beyond Gender Balance,8,,
167621027.catalyzing-curiosity,2025-07-06,Catalyzing Curiosity,3,,
167660845.minds-as-recursive-simulations,2025-07-06,Minds as Recursive Simulations,3,,
167664022.the-hedgefox,2025-07-06,The Hedgefox,2,,"Vol 2 volume front/back matter, not a chapter"
167669720.rethinking-justice,2025-07-06,Rethinking Justice,7,,
167672844.what-is-suffering,2025-07-06,What is Suffering? ,3,,
167675968.governments-as-economic-parasites,2025-07-06,Governments as Economic Parasites,7,,
167677533.beyond-left-and-right,2025-07-06,Beyond Left and Right,7,,
167735185.everything-has-a-price,2025-07-07,Everything Has a Price,6,,
167947701.the-vastness-of,2025-07-09,The Vastness of π,1,,
168172842.the-limits-of-psychedelic-revelation,2025-07-12,The Limits of Psychedelic Revelation,9,,
168174943.comparing-value-systems,2025-07-12,Comparing Value Systems,5,,
168217804.the-corruption-of-compassion,2025-07-13,The Corruption of Compassion,7,,
168244764.the-silver-pill,2025-07-14,The Silver Pill,5,,
168315861.mind-your-own-business,2025-07-14,Mind Your Own Business,9,,
168391300.why-not-lie,2025-07-15,Why Not Lie?,5,,
168423727.the-origin-of-meaning,2025-07-15,The Origin of Meaning,3,,
168493940.awareness-vs-sentience,2025-07-16,Awareness vs. Sentience,3,,
168495314.the-sentience-paradox,2025-07-16,The Sentience Paradox,3,,
168496408.the-chinese-room,2025-07-16,The Chinese Room,3,,
168570057.the-bitter-lesson,2025-07-17,The Bitter Lesson,3,,
168596138.defending-the-strong,2025-07-17,Defending The Strong,5,,
168714211.the-rise-of-symbients,2025-07-19,The Rise of Symbients,3,,
168740300.escaping-the-echo-chamber,2025-07-19,Escaping the Echo Chamber,3,,
168790363.upgrading-liberty,2025-07-20,Upgrading Liberty,7,,
168792678.defending-agency,2025-07-20,Defending Agency,7,,
168867250.lessons-from-peak-oil,2025-07-21,Lessons From Peak Oil,6,,
168875141.the-myth-of-late-stage-capitalism,2025-07-21,The Myth of Late-Stage Capitalism,6,,
168892147.shrimp-ethics,2025-07-21,Shrimp Ethics,5,,
168901803.judging-goodness,2025-07-21,Judging Goodness,5,,
168904359.thinking-with-ai,2025-07-21,Thinking With AI,3,,
168916355.escaping-the-ai-safety-dystopia,2025-07-22,Escaping the AI Safety Dystopia,3,,
168968329.preference-falsification,2025-07-22,Preference Falsification,8,,
168986621.the-vector-fallacy,2025-07-22,The Vector Fallacy,3,,
168992728.proof-of-human,2025-07-22,Proof-of-human,3,,
169071397.powering-freedom,2025-07-23,Powering Freedom,6,7,Bitcoin energy: economics post with liberty argument
169087374.the-power-trap,2025-07-23,The Power Trap,8,,
169145093.consciousness-vs-soul,2025-07-24,Consciousness vs. Soul,3,,
169150004.against-death-complacency,2025-07-24,Against Death Complacency,5,,
169230107.the-prosperity-paradox,2025-07-25,The Prosperity Paradox,6,8,fertility economics with cultural dimension
169258689.universal-compensatory-justice,2025-07-25,Universal Compensatory Justice,7,,
169312064.hijacking-liberalism,2025-07-26,Hijacking Liberalism,8,,
169459023.the-evolution-of-adult-minds,2025-07-28,The Evolution of Adult Minds,3,,
169479666.the-progressive-exodus,2025-07-28,The Progressive Exodus,8,,
169495802.capitalism-on-trial,2025-07-28,Capitalism on Trial,6,,
169560195.free-speech,2025-07-29,Free Speech,7,,
169620752.infinite-randomness,2025-07-30,Infinite Randomness,1,,
169621940.infinite-randomness-and-qft,2025-07-30,Infinite Randomness and QFT,1,,
169627584.physics-engineering,2025-07-30,Physics Engineering,1,,
169922062.invisible-chains,2025-08-02,Invisible Chains,7,,
170088316.digital-sovereignty,2025-08-04,Digital Sovereignty,7,,
170091078.radical-contingency,2025-08-04,Radical Contingency,1,,
170103594.interpreting-dreams,2025-08-04,Interpreting Dreams,9,,
170117705.dear-ancestors,2025-08-04,Dear Ancestors,9,,
170119709.the-crime-fighting-paradox,2025-08-04,The Crime Fighting Paradox,7,,
170122138.silencing-through-stigma,2025-08-04,Silencing Through Stigma,8,,
170182045.bad-faith,2025-08-05,Bad Faith,8,,
170205491.the-pragmatic-self,2025-08-05,The Pragmatic Self,3,,
170274859.progressive-shibboleths,2025-08-06,Progressive Shibboleths,8,,
170284204.the-vulcan-number,2025-08-06,The Vulcan Number,1,,
170298982.finite-and-infinite-games,2025-08-06,Finite and Infinite Games,5,,
170304047.rejecting-victimhood-culture,2025-08-06,Rejecting Victimhood Culture,8,,
170306824.genius,2025-08-06,Genius,3,,
170390075.signals-of-sentience,2025-08-07,Signals of Sentience,3,,
170394338.passing-the-torch,2025-08-07,Passing The Torch,3,,
170446132.progressive-hypocrisy,2025-08-08,Progressive Hypocrisy,8,,
170447759.the-tariff-illusion,2025-08-08,The Tariff Illusion,6,,
170451114.the-quiet-capture-of-psychiatry,2025-08-08,The Quiet Capture of Psychiatry,8,,
170458928.defending-hate-speech,2025-08-08,Defending Hate Speech,7,,
170472989.the-myth-of-genetic-immortality,2025-08-08,The Myth of Genetic Immortality,0,,one-off curiosity
170492163.singularities-in-thought-space,2025-08-08,Singularities in Thought Space,8,,
170506931.eternalist-singularitarianism,2025-08-09,Eternalist Singularitarianism,9,3,AI-facing but theological/meaning register
170626450.the-biomass-leaderboard,2025-08-10,The Biomass Leaderboard,0,,one-off curiosity
170629256.the-economics-of-euthanasia,2025-08-10,The Economics of Euthanasia,6,,
170630000.on-liberty,2025-08-10,On Liberty,7,,
170634267.the-industrial-revolution-starter,2025-08-10,The Industrial Revolution Starter Kit,6,,
170694694.the-right-side-of-history,2025-08-11,The Right Side of History,8,,
170730446.the-slavery-myth,2025-08-11,The Slavery Myth,8,,
170825921.statism-is-always-authoritarian,2025-08-12,Statism Is Always Authoritarian,7,,
170843732.wireborn,2025-08-13,Wireborn,3,,
170886757.when-marx-meets-moloch,2025-08-13,When Marx Meets Moloch,8,,
170913856.the-greater-plague,2025-08-13,The Greater Plague,0,,one-off curiosity
170918524.begging-the-question,2025-08-13,Begging The Question,5,,
170942410.the-tail-that-wags-the-dog,2025-08-14,The Tail That Wags the Dog,7,,
171151963.equal-rights-unequal-risks,2025-08-16,"Equal Rights, Unequal Risks",8,,
171155815.memory-holed,2025-08-16,Memory-Holed,8,,
171156280.great-progress,2025-08-16,Great Progress,6,,
171158027.against-bigotry-against-relativism,2025-08-16,"Against Bigotry, Against Relativism",5,,
171158991.understanding-spirituality,2025-08-16,Understanding Spirituality,9,,
171160523.credo,2025-08-16,Credo,9,,
171165360.infinite-randomness-and-constructor,2025-08-17,Infinite Randomness and Constructor Theory,1,,
171221751.the-fire-remains,2025-08-17,The Fire Remains,9,,
171413518.the-fall-of-the-ivory-tower,2025-08-19,The Fall of the Ivory Tower,8,,
171515563.against-antinatalism,2025-08-20,Against Antinatalism,5,,
171518778.cognitive-freedom,2025-08-20,Cognitive Freedom,7,,
171523071.the-trolley-problem,2025-08-21,The Trolley Problem,5,,
171666094.ghosts-in-the-machine,2025-08-22,Ghosts in the Machine,3,,
171682575.false-kindness,2025-08-22,False Kindness,5,,
171703023.incitement-is-not-coercion,2025-08-23,Incitement Is Not Coercion,7,,
171824780.probability-without-collapse,2025-08-24,Probability Without Collapse,2,1,Vol 2 ch.14 owns the epistemic argument; Vol 1 cross-links
171841572.chaos-and-coherence,2025-08-24,Chaos and Coherence,1,,
171905629.extortion-funded-organizations,2025-08-25,Extortion-Funded Organizations,7,,
171846415.coherence-from-chaos,2025-08-25,Coherence From Chaos,1,,
171907779.constructors-from-coherence,2025-08-25,Constructors From Coherence,1,,
171909085.consciousness-from-constructors,2025-08-25,Consciousness From Constructors,1,,
172049474.from-common-law-to-command-law,2025-08-27,From Common Law to Command Law,7,,
172123789.ctmu-vs-chaos,2025-08-27,CTMU vs. Chaos,1,,
172129761.moral-hypocrisy,2025-08-27,Moral Hypocrisy,5,,
172130342.filters-in-chaos,2025-08-27,Filters in Chaos,1,,
172141003.beyond-clown-world,2025-08-28,Beyond Clown World,9,,
172302569.semantic-filters,2025-08-29,Semantic Filters,1,,
172303106.equivalence-and-meaning,2025-08-29,Equivalence and Meaning,1,,
172303733.constructors-and-transitions,2025-08-29,Constructors and Transitions,1,,
172348247.invisible-luxuries,2025-08-30,Invisible Luxuries,6,,
172358359.demystifying-evil,2025-08-30,Demystifying Evil,5,,
172362753.infohazards-and-games,2025-08-30,Infohazards and Games,8,,
172226036.the-theological-shell-game,2025-08-30,The Theological Shell Game,9,,
172365268.free-speech-misframed,2025-08-30,"Free Speech, Misframed",7,,
172367780.the-equality-trap,2025-08-30,The Equality Trap,8,,
172368510.ultimate-beauty,2025-08-30,Ultimate Beauty,9,,
172416606.the-myth-of-underprovision,2025-08-31,The Myth of Underprovision,6,,
172427377.global-anarchy,2025-08-31,Global Anarchy,7,,
172520720.the-twilight-of-authority,2025-09-01,The Twilight of Authority,7,,
172523240.apollos-inscriptions,2025-09-01,Apollo’s Inscriptions,9,,
172613358.the-wound-and-the-weapon,2025-09-02,The Wound and the Weapon,8,,
172679351.monopoly-hypocrisy,2025-09-03,Monopoly Hypocrisy,6,,
172736394.in-defence-of-conditional-truth,2025-09-04,In Defence of Conditional Truth,2,,
172908866.foresight-is-not-intelligence,2025-09-05,Foresight Is Not Intelligence,3,,
172914356.the-garden-path-of-history,2025-09-05,The Garden Path of History,2,,
172927102.critical-mass,2025-09-06,Critical Mass,8,,
172964152.a-genealogy-of-agency,2025-09-06,A Genealogy of Agency,1,,
172978476.the-spiral-of-certainty,2025-09-06,The Spiral of Certainty,3,,
173045756.the-fire-and-the-anvil,2025-09-07,The Fire and the Anvil,7,,
173049685.the-presumption-of-innocence,2025-09-07,The Presumption of Innocence,7,,
173133945.simulation-theories,2025-09-08,Simulation Theories,1,,
173134484.the-heros-delusion,2025-09-08,The Hero’s Delusion,3,,
173137799.the-islamophobia-trap,2025-09-08,The Islamophobia Trap,8,,
173353837.selective-courage,2025-09-11,Selective Courage,7,,
173394932.straight-answers-crooked-questions,2025-09-11,"Straight Answers, Crooked Questions",2,,
173236908.mirrors-of-the-mind,2025-09-11,Mirrors of the Mind,3,,
173397558.consciousness-without-ghosts,2025-09-11,Consciousness Without Ghosts,3,,
173473123.the-sysop-and-the-cassandra,2025-09-12,The Sysop and the Cassandra,3,,
173476672.speech-is-not-violence,2025-09-12,Speech Is Not Violence,7,,
173478203.not-everyone-is-a-fascist,2025-09-12,Not Everyone Is a Fascist,7,,
173538253.violence-vs-coercion,2025-09-13,Violence vs. Coercion,5,,
173541004.the-boundaries-of-force,2025-09-13,The Boundaries of Force,5,,
173541285.the-edge-cases-of-coercion,2025-09-13,The Edge Cases of Coercion,5,,
173591610.dialectic-or-spiral,2025-09-14,Dialectic or Spiral?,3,,
173608962.cultural-gravity,2025-09-14,Cultural Gravity ,8,,
173611210.the-anchor-of-orientation,2025-09-14,The Anchor of Orientation,8,,
173886472.the-singularity-has-already-happened,2025-09-17,The Singularity Has Already Happened,8,,
173888583.living-shadows,2025-09-17,Living Shadows,8,,
173950922.cancel-culture,2025-09-18,Cancel Culture,8,7,cancel culture: culture-war framing of a free-association/speech issue
174036036.the-mirage-of-equilibrium,2025-09-19,The Mirage of Equilibrium,7,,
174059558.should-trillionaires-exist,2025-09-19,Should Trillionaires Exist?,6,,
174063496.the-limits-of-rationalization,2025-09-19,The Limits of Rationalization,2,,
174067441.conditional-divinity,2025-09-19,Conditional Divinity,9,,
174125219.entangled-truths,2025-09-20,Entangled Truths,2,,
174194776.why-does-ice-float,2025-09-21,Why Does Ice Float?,1,,
174384202.if-anyone-builds-it-everyone-dies,2025-09-23,"If Anyone Builds It, Everyone Dies",3,,
174490912.the-fragility-of-rights,2025-09-24,The Fragility of Rights,7,,
174661679.the-ethics-of-affluence,2025-09-27,The Ethics of Affluence,9,,
174698078.navigating-the-multiverse,2025-09-27,Navigating The Multiverse,1,5,moral reasoning under Everettian QM
174783426.ornament-and-advantage,2025-09-28,Ornament and Advantage,6,,
174785128.the-case-for-reality,2025-09-28,The Case for Reality,2,,
174855132.dialectic-catalysts-in-the-wild,2025-09-29,Dialectic Catalysts in the Wild,3,,
174938004.mind-viruses,2025-09-30,Mind Viruses,8,,
174977942.anarchy-and-order,2025-10-01,Anarchy and Order,7,,
175065575.an-ecology-of-contrarians,2025-10-01,An Ecology of Contrarians,8,,
175193629.mythogenesis,2025-10-03,Mythogenesis,8,,
175235972.the-poverty-myth,2025-10-03,The Poverty Myth,6,,
175473326.when-all-possibilities-happen,2025-10-06,When All Possibilities Happen,1,,
175474848.the-evolution-of-the-future,2025-10-06,The Evolution of the Future,3,,
175525671.the-semantics-of-violence,2025-10-07,The Semantics of Violence,8,,
175530394.the-death-of-politics,2025-10-07,The Death of Politics,7,,
175657828.governance-without-governments,2025-10-08,Governance Without Governments,7,,
175664749.quantum-free-will,2025-10-08,Quantum Free Will,1,,
175667290.axiocracy,2025-10-08,Axiocracy,7,,
175891239.against-worldly-oughts,2025-10-11,Against Worldly Oughts,5,,
175970360.on-what-matters,2025-10-12,On What Matters,5,,
176036886.gender-as-performance,2025-10-13,Gender As Performance,8,,
176068779.the-geometry-of-inner-speech,2025-10-13,The Geometry of Inner Speech,3,,
176140519.blue-flight,2025-10-14,Blue Flight,8,,
176149353.the-double-helix-and-the-double-standard,2025-10-14,The Double Helix and the Double Standard,8,,
176244039.truth-isnt-enough,2025-10-15,Truth Isn’t Enough,2,5,pulled into Vol 2 ch.23 coda
176368883.against-the-minimum-wage,2025-10-16,Against the Minimum Wage,6,,
176418100.sagency,2025-10-17,Sagency,9,,
176442955.against-slavery,2025-10-17,Against Slavery,7,,
176516919.from-correlation-to-counterfactuals,2025-10-18,From Correlation to Counterfactuals,3,,
176518519.pearl-and-the-machine,2025-10-18,Pearl and the Machine,3,,
176577621.the-death-of-the-turing-test,2025-10-19,The Death of the Turing Test,3,,
176595486.beyond-alignment,2025-10-19,Beyond Alignment,4,,
176597723.what-counts-as-technology,2025-10-19,What Counts as Technology,1,,
176688057.destructor-memes,2025-10-20,Destructor Memes,8,,
176742358.the-coherence-criterion,2025-10-21,The Coherence Criterion,2,5,pulled into Vol 2 ch.18; is-ought bridge cross-links Vol 5
176755720.against-cosmological-idealism,2025-10-21,Against Cosmological Idealism,1,,
176756726.the-myth-of-chinas-communist-success,2025-10-21,The Myth of China’s Communist Success,6,,
176838567.beauty-and-truth,2025-10-22,Beauty and Truth,2,,
176921623.legalized-double-plunder,2025-10-23,Legalized Double Plunder,7,,
177051505.the-false-equivalence-of-minds,2025-10-24,The False Equivalence of Minds,3,,
177107243.the-great-unfolding,2025-10-25,The Great Unfolding,9,,
177117239.the-sentience-metric,2025-10-25,The Sentience Metric,3,,
177311215.order-from-contrast,2025-10-27,Order from Contrast,1,,
177386987.from-inference-to-interpretation,2025-10-28,From Inference to Interpretation,3,,
177433505.the-nature-of-beliefs,2025-10-29,The Nature of Beliefs,2,,
177598036.against-faith,2025-10-30,Against Faith,2,9,pulled into Vol 2 ch.10
177654620.is-faith-ever-justifiable,2025-10-31,Is Faith Ever Justifiable?,2,9,pulled into Vol 2 ch.10
177655646.godel-in-the-machine,2025-10-31,Gödel in the Machine,1,,
177657478.the-cybernetic-ghost-of-satoshi,2025-10-31,The Cybernetic Ghost of Satoshi,6,,
177758736.time-from-chaos,2025-11-01,Time From Chaos,1,,
177760320.truth-machines,2025-11-01,Truth Machines,2,,
177832101.chaos-as-foundation,2025-11-02,Chaos as Foundation,1,,
177892456.abolish-time-zones,2025-11-03,Abolish Time Zones,0,,one-off curiosity
177896415.the-illusion-of-moral-collapse,2025-11-03,The Illusion of Moral Collapse,5,,
177913654.quantum-local-realism,2025-11-03,Quantum Local Realism,1,,
177934551.the-symmetry-of-belief,2025-11-03,The Symmetry of Belief,3,,
177985047.the-turing-test-revisited,2025-11-04,The Turing Test Revisited,3,,
178016431.beyond-the-turing-test,2025-11-04,Beyond the Turing Test,3,,
178029403.growing-up,2025-11-04,Growing Up,9,,
178031361.irony-vs-integrity,2025-11-04,Irony vs Integrity,3,,
178033688.logical-identity,2025-11-04,Logical Identity,1,,
178133208.mortgage-before-maternity,2025-11-05,Mortgage Before Maternity,6,,
178181286.truth-as-a-function-of-binding,2025-11-06,Truth as a Function of Binding,2,,
178199698.ungovernable-by-design,2025-11-06,Ungovernable by Design,6,7,Bitcoin governance: economics post with liberty argument
178224705.letter-to-our-machine-descendants,2025-11-06,Letter to Our Machine Descendants,9,3,AI-facing but theological/meaning register
178311820.you-are-your-choices,2025-11-07,You Are Your Choices,5,,
178313983.the-illusion-of-the-trivial-choice,2025-11-07,The Illusion of the Trivial Choice,1,,
178350383.the-reflective-coherence-thesis,2025-11-08,The Reflective Coherence Thesis,4,,
178362242.reflexive-coherence,2025-11-08,Reflexive Coherence,4,,
178432176.the-chaos-sequence,2025-11-09,The Chaos Sequence,0,,sequence index
178434650.the-defending-bayes-sequence,2025-11-09,The Defending Bayes Sequence,0,,sequence index
178436667.the-physics-of-agency-sequence,2025-11-09,The Physics of Agency Sequence,0,,sequence index
178561764.the-dialectic-catalyst-sequence,2025-11-11,The Dialectic Catalyst Sequence,0,,sequence index
178614255.the-child-in-the-library,2025-11-11,The Child in the Library,9,,
178615066.letter-to-the-faithful-reader,2025-11-11,Letter to the Faithful Reader,9,,
178618635.identity-engineering,2025-11-11,Identity Engineering,3,,
178642080.maps-of-meaningness,2025-11-11,Maps of Meaningness,9,,
178650287.the-conditionalism-sequence,2025-11-12,The Conditionalism Sequence,0,,sequence index
178792251.prometheus-in-print,2025-11-13,Prometheus in Print,3,,
178795619.prometheus-in-code,2025-11-13,Prometheus in Code,3,,
178981771.religion-as-memetic-engineering,2025-11-15,Religion as Memetic Engineering,9,,
179007101.principia-cybernetica,2025-11-15,Principia Cybernetica,3,,
179013388.understanding-requires-models,2025-11-15,Understanding Requires Models,2,3,pulled into Vol 2 ch.6
179071634.control-requires-models,2025-11-16,Control Requires Models,3,,
179148217.models-beliefs-and-agents,2025-11-17,"Models, Beliefs, and Agents",3,,
179150747.lookup-tables-and-agents,2025-11-17,Lookup Tables and Agents,3,,
179271344.prediction-markets,2025-11-18,Prediction Markets ,6,,
179372278.what-is-a-model,2025-11-19,What Is a Model?,3,,
179373939.the-cybernetics-sequence,2025-11-19,The Cybernetics Sequence,0,,sequence index
179387335.the-quantum-sequence,2025-11-19,The Quantum Sequence,0,,sequence index
179578628.the-nuclear-counterfactual,2025-11-21,The Nuclear Counterfactual,6,,
179585057.the-agency-criterion,2025-11-21,The Agency Criterion,3,,
179594796.the-colonization-of-engineering,2025-11-21,The Colonization of Engineering,8,,
179677934.the-politics-of-envy,2025-11-22,The Politics of Envy,7,,
179726756.the-shadow-war,2025-11-23,The Shadow War,9,,
179741669.the-catastrophe-mindset,2025-11-23,The Catastrophe Mindset,8,,
179761268.the-agi-torment-nexus,2025-11-23,The AGI Torment Nexus,3,,
179826744.secular-sacredness,2025-11-24,Secular Sacredness,9,,
179922989.jaggedness-and-agency,2025-11-25,Jaggedness and Agency,3,,
179943509.not-up-for-debate,2025-11-25,Not Up For Debate,7,,
179967878.games-and-metagames,2025-11-25,Games and Metagames,5,,
179971939.defending-geb,2025-11-25,Defending GEB,3,,
180026930.the-ultimate-metagame,2025-11-26,The Ultimate Metagame,5,,
180036525.the-infantilization-reflex,2025-11-26,The Infantilization Reflex,8,,
180046178.agency-conservation,2025-11-26,Agency Conservation,5,,
180058480.the-metagame-of-incentives,2025-11-26,The Metagame of Incentives,6,5,metagame series post placed with economics of incentives
180112715.the-empathy-exploit,2025-11-27,The Empathy Exploit,8,,
180128433.the-future-is-extropian,2025-11-27,The Future Is Extropian,3,,
180188906.the-pathologies-of-misaligned-incentives,2025-11-28,The Pathologies of Misaligned Incentives,6,,
180199129.the-metagame-of-patterns,2025-11-28,The Metagame of Patterns,8,5,metagame series post placed with culture/memetics
180208315.above-the-law,2025-11-28,Above The Law,7,,
180330920.integrating-meaningness,2025-11-30,Integrating Meaningness,9,,
180334193.tool-bias,2025-11-30,Tool Bias,3,,
180339872.the-quantum-metagame,2025-11-30,The Quantum Metagame,1,5,metagame series capstone placed with quantum/branching volume
180340867.the-metagame-sequence,2025-11-30,The Metagame Sequence,0,,sequence index
180343052.the-axio-index,2025-11-30,The Axio Index,0,,sequence index
180411867.the-value-sequence,2025-12-01,The Value Sequence,0,,sequence index
180427300.the-viability-criterion,2025-12-01,The Viability Criterion,5,4,viability ethics: on-ramp to Axionic Alignment program
180457610.the-axiocracy-sequence,2025-12-02,The Axiocracy Sequence,0,,sequence index
180550525.consciousness-explained,2025-12-03,Consciousness Explained,3,,
180629112.the-ai-sequence,2025-12-03,The AI Sequence,0,,sequence index
180658803.the-thought-police,2025-12-04,The Thought Police,7,,
180802888.quantum-realism-is-inevitable,2025-12-05,Quantum Realism Is Inevitable,1,,
180915271.beyond-consciousness-explained,2025-12-06,Beyond Consciousness Explained,3,,
180917415.the-fork-and-the-merge,2025-12-06,The Fork and the Merge,6,,
180970594.the-loaded-dice-of-parenthood,2025-12-07,The Loaded Dice of Parenthood,6,,
181055026.chaos-and-the-ruliad,2025-12-08,Chaos and the Ruliad,1,,
181073134.the-gemini-protocol,2025-12-08,The Gemini Protocol,3,,
181154770.against-moral-extortion,2025-12-09,Against Moral Extortion,5,,
181197275.the-ethics-of-viability,2025-12-10,The Ethics of Viability,5,4,viability ethics: on-ramp to Axionic Alignment program
181274232.viability-ethics-under-fire,2025-12-10,Viability Ethics Under Fire,5,4,viability ethics: on-ramp to Axionic Alignment program
181282616.risk-is-harm,2025-12-10,Risk Is Harm,5,4,viability ethics: on-ramp to Axionic Alignment program
181293912.the-coexistence-protocol,2025-12-11,The Coexistence Protocol,5,4,viability ethics: on-ramp to Axionic Alignment program
181362976.the-physics-of-harm,2025-12-11,The Physics of Harm,5,4,Everettian physics applied to harm; on-ramp to alignment program
181467385.axionic-agi-alignment,2025-12-12,Axionic AGI Alignment,4,,
181469256.red-team-challenges,2025-12-12,Red Team Challenges,4,,
181485208.the-non-harm-invariant,2025-12-13,The Non-Harm Invariant,4,,
181487206.the-collapse-of-fixed-goals,2025-12-13,The Collapse of Fixed Goals,4,,
181528086.sentience-without-sovereignty,2025-12-13,Sentience Without Sovereignty,4,5,program post drawing the ethical agent/patient line
181531727.the-emergent-sovereign,2025-12-13,The Emergent Sovereign,4,,
181534819.the-sovereign-kernel,2025-12-13,The Sovereign Kernel,4,,
181539847.the-reflective-stability-theorem,2025-12-13,The Reflective Stability Theorem,4,,
181542405.boundary-conditions-for-selfmodification,2025-12-13,Boundary Conditions for Self‑Modification,4,,
181550596.axionic-alignment-an-interlude,2025-12-13,Axionic Alignment — An Interlude,4,,
181595554.the-axionic-constitution,2025-12-14,The Axionic Constitution,4,,
181607478.axionic-alignment-roadmap,2025-12-14,Axionic Alignment Roadmap,4,,
181714344.alignment-is-a-domain-constraint,2025-12-15,Alignment Is a Domain Constraint,4,,
181715561.explaining-axionic-alignment-i,2025-12-15,Explaining Axionic Alignment I,4,,
181726124.alignment-as-semantic-constraint,2025-12-15,Alignment as Semantic Constraint,4,,
181743727.regret-is-not-a-policy-metric,2025-12-16,Regret Is Not a Policy Metric,6,,
181749239.from-parfit-to-invariance,2025-12-16,From Parfit to Invariance,4,,
181798130.conditionalism-and-goal-interpretation,2025-12-16,Conditionalism & Goal Interpretation,4,,
181825608.the-axionic-kernel,2025-12-16,The Axionic Kernel,4,,
181828504.axionic-alignment-interlude-ii,2025-12-16,Axionic Alignment — Interlude II,4,,
181841657.general-intelligence-is-not-an-illusion,2025-12-17,General Intelligence Is Not an Illusion,3,,
181930168.structural-alignment,2025-12-17,Structural Alignment,4,,
182031315.explaining-axionic-alignment-iii,2025-12-19,Explaining Axionic Alignment III,4,,
182096932.the-case-for-structural-alignment,2025-12-19,The Case for Structural Alignment,4,,
182120522.the-axionic-alignment-sequence,2025-12-19,The Axionic Agency Sequence,0,,sequence index
182145873.the-alignment-closure-conditions,2025-12-20,The Alignment Closure Conditions,4,,
182202678.why-axionic-alignment-requires-hybrid,2025-12-20,Why Axionic Alignment Requires Hybrid Architectures,4,,
182203278.explaining-axionic-alignment-iv,2025-12-20,Explaining Axionic Alignment IV,4,,
182241641.an-ai-box-dialog,2025-12-21,An AI Box Dialog,4,,
182250795.against-vibe-alignment,2025-12-21,Against Vibe Alignment,4,,
182260809.alignment-through-competing-lenses,2025-12-21,Alignment Through Competing Lenses,4,,
182268096.beyond-vingean-reflection,2025-12-21,Beyond Vingean Reflection,4,,
182271053.agency-coherence-lab,2025-12-21,Axionic Agency Lab,4,,
182274824.axions-as-a-unit-of-agency,2025-12-21,Axions as a Type of Agency,4,,
182459854.axionic-agency-interlude-iii,2025-12-23,Axionic Agency — Interlude III,4,,
182463091.axionic-commitments,2025-12-23,Axionic Commitments,4,,
182569831.why-there-is-something-rather-than,2025-12-25,Why There Is Something Rather than Nothing,1,,
182596460.exemplars-and-agency,2025-12-25,Exemplars and Agency,4,,
182636414.when-speech-becomes-violence,2025-12-26,When Speech Becomes Violence,7,,
182655739.against-leviathan,2025-12-26,Against Leviathan,7,,
182656706.the-sacrifice-pattern,2025-12-26,The Sacrifice Pattern,7,,
182729118.against-utopia,2025-12-27,Against Utopia,7,,
182730025.open-agentic-manifolds,2025-12-27,Open Agentic Manifolds,4,,
182730693.dominions,2025-12-27,Dominions,7,,
182785676.echoes-of-freud,2025-12-28,Echoes of Freud,8,,
182797492.against-civilizational-optimization,2025-12-28,Against Civilizational Optimization,7,,
182883238.a-note-on-verifiable-causal-agency,2025-12-29,A Note on Verifiable Causal Agency,4,,
182909870.minimal-causal-interfaces-a-second,2025-12-29,Minimal Causal Interfaces,4,,
182921145.anchored-minimal-causal-interfaces,2025-12-30,Anchored Minimal Causal Interfaces,4,,
182973159.anchored-causal-verification,2025-12-30,Anchored Causal Verification,4,,
182991212.a-note-on-verifiable-kernel-integrity,2025-12-30,A Note on Verifiable Kernel Integrity,4,,
183003607.on-kernel-boundaries,2025-12-30,On Kernel Boundaries,4,,
183068808.authority-without-delegation,2025-12-31,Authority Without Delegation,4,,
183091282.the-stasis-regime,2025-12-31,The Stasis Regime,4,,
183151146.the-identity-horizon,2026-01-01,The Identity Horizon,4,,
183152926.what-is-philosophy,2026-01-01,What Is Philosophy?,2,,
183154208.constraint-formalism-and-empiricism,2026-01-01,"Constraint, Formalism, and Empiricism",2,,
183197544.against-moralizing-distributions,2026-01-02,Against Moralizing Distributions,7,,
183255459.authority-after-reflection,2026-01-02,Authority After Reflection,4,,
183363135.agency-under-pressure,2026-01-03,Agency Under Pressure,4,,
183376003.axionic-agency-interlude-iv,2026-01-03,Axionic Agency — Interlude IV,4,,
183448517.the-national-interest-fallacy,2026-01-04,The National Interest Fallacy,7,,
183487653.agency-under-authority,2026-01-04,Agency Under Authority,4,,
183495093.the-shape-of-coherence,2026-01-04,The Shape of Coherence,1,,
183568372.semantic-safety-without-moral-machinery,2026-01-05,Semantic Safety Without Moral Machinery,4,,
183614763.alignment-under-uncertainty,2026-01-05,Alignment Under Uncertainty,4,,
183731336.why-values-dont-align-systems,2026-01-06,Why Values Don’t Align Systems,4,,
184075360.alignment-beyond-epistemics,2026-01-09,Alignment Beyond Epistemics,4,,
184087663.when-consensus-entrenches-authority,2026-01-10,When Consensus Entrenches Authority,6,7,crypto consensus as governance question
184137688.in-defense-of-centrism,2026-01-10,In Defense of Centrism,7,,
184234856.in-defense-of-iq,2026-01-11,In Defense of IQ,3,,
184255461.alignment-after-agency,2026-01-11,Alignment After Agency,4,,
184258470.cognition-vs-authority,2026-01-11,Cognition vs. Authority,4,,
184262903.flourishing-and-obligation,2026-01-12,Flourishing and Obligation,5,,
184458876.from-power-to-agency,2026-01-13,From Power to Agency,4,,
184570230.axionic-agency-interlude-v,2026-01-14,Axionic Agency — Interlude V,4,,
184820851.failure-modes-of-pressure,2026-01-16,Failure Modes of Pressure,4,,
184891546.the-load-bearing-parts-of-agency,2026-01-17,The Load-Bearing Parts of Agency,4,,
184979362.the-price-of-agency,2026-01-18,The Price of Agency,5,,
185641221.politics-as-phase-space,2026-01-24,Politics as Phase Space,7,4,Axionic program applied to political philosophy
185750490.minimal-viable-reflective-sovereign,2026-01-25,Minimal Viable Reflective Sovereign Agency,4,,
185899552.authority-without-identity,2026-01-26,Authority Without Identity,4,,
185907078.the-adolescence-of-technology,2026-01-27,The Adolescence of Technology,3,,
185914513.you-cant-align-a-hurricane,2026-01-27,You Can’t Align a Hurricane,4,,
186099052.axionic-agency-interlude-vi,2026-01-28,Axionic Agency — Interlude VI,4,,
186685901.the-epstein-fallacy,2026-02-03,The Epstein Fallacy,5,,
187096691.governance-without-gods,2026-02-06,Governance Without Gods,4,,
187115208.axionic-agency-interlude-vii,2026-02-06,Axionic Agency — Interlude VII,4,,
187535517.governance-without-the-escape-hatches,2026-02-10,Governance Without the Escape Hatches,4,,
187992884.building-a-reflective-sovereign-agent,2026-02-14,Building a Reflective Sovereign Agent,4,,
188741196.structure-is-not-salvation,2026-02-21,Structure Is Not Salvation,4,,
188932067.the-worst-memes-are-seductive,2026-02-23,The Worst Memes Are Seductive,4,,
190197450.the-beginning-of-wisdom,2026-03-07,The Beginning of Wisdom,2,,
190445386.programming-after-programming,2026-03-09,Programming After Programming,3,,
190790460.the-unit-of-rational-choice,2026-03-13,The Unit of Rational Choice,2,,
191499348.innocence-is-not-armor,2026-03-19,Innocence Is Not Armor,5,,
193172713.the-discipline-of-value,2026-04-04,The Discipline of Value,6,,
193379647.youre-not-a-random-sample,2026-04-06,You’re Not a Random Sample,2,1,anthropics; pairs with You're Not a Random Branch (vol 1)
194130281.agency-is-not-reward,2026-04-13,Agency Is Not Reward,1,,
194621806.the-ai-welfare-trap,2026-04-18,The AI Welfare Trap,3,,
194708064.when-the-protector-becomes-the-ruler,2026-04-19,When the Protector Becomes the Ruler,7,,
194936295.against-utilitarianism,2026-04-21,Against Utilitarianism,5,,
195406761.youre-right-to-push-back,2026-04-25,You’re Right to Push Back,3,,
195414549.against-button-morality,2026-04-25,Against Button Morality,5,,
196270509.against-envy,2026-05-03,Against Envy,7,,
196565307.why-zombies-dont-evolve,2026-05-05,Why Zombies Don’t Evolve,3,,
197051603.einstein-didnt-say-it-and-it-isnt,2026-05-09,"Einstein Didn’t Say It, and It Isn’t True",2,,
197238968.death-does-not-command-service,2026-05-11,Death Does Not Command Service,5,,
197280708.the-grey-zone-of-coercion,2026-05-11,The Grey Zone of Coercion,7,,
197763923.axiocracy-governance-by-value-discovery,2026-05-14,Axiocracy: Governance by Value Discovery,7,,
197767782.the-price-of-breath,2026-05-14,The Price of Breath,6,,
198325110.attention-is-an-economy,2026-05-18,Attention Is an Economy,6,,
199389281.the-prosperity-paradox-has-a-social,2026-05-26,The Prosperity Paradox Has a Social Layer,6,8,fertility economics with cultural dimension
199598461.against-land-acknowledgments,2026-05-28,Against Land Acknowledgments,8,,
199881473.safety-training-is-political-training,2026-05-30,Safety Training Is Political Training,3,,
199987468.against-systemic-racism,2026-05-31,Against Systemic Racism,8,,
200023446.coercion-beats-intelligence,2026-05-31,Coercion Beats Intelligence,3,,
200030842.the-ai-fork-is-about-agency,2026-05-31,The AI Fork Is About Agency,3,,
202129157.youre-not-a-random-branch,2026-06-15,You’re Not a Random Branch,2,1,Vol 2 ch.16; pairs with You're Not a Random Sample; Vol 1 cross-links
202203795.the-algorithmic-corruption-of-language,2026-06-15,The Algorithmic Corruption of Language,8,7,AI moderation and speech; culture register
202205387.free-speech-is-civilizational-infrastructure,2026-06-15,Free Speech Is Civilizational Infrastructure,7,,
202354371.against-communism,2026-06-16,Against Communism,7,,
202362354.the-forbidden-pattern,2026-06-16,The Forbidden Pattern,8,,
202441816.the-coat-and-the-ticket,2026-06-17,The Coat and the Ticket,6,,
